<?xml version="1.0"?>
<!DOCTYPE modification SYSTEM "http://www.simplemachines.org/xml/modification">
<modification xmlns="http://www.simplemachines.org/xml/modification" xmlns:smf="http://www.simplemachines.org/">
	<id>Arantor:GoogleAnalytics</id>
	<version>1.3</version>

	<file name="$languagedir/Help.arabic-utf8.php" error="skip">
		<operation>
			<search position="end" />
			<add><![CDATA[
$helptxt['googleAnalyticsCode'] = 'هنا تضيف كود تحليلات قوقل الخاص بك, e.g. UA-00000000-0 بالتحديد كما قدمته قوقل لك, بعدها ستضاف تحليلا قوقل الى المنتدى من اجلك.';
]]></add>
		</operation>
	</file>	
	
	<file name="$languagedir/Modifications.arabic-utf8.php" error="skip">
		<operation>
			<search position="end" />
			<add><![CDATA[
$txt['googleAnalyticsCode'] = 'كود تحليلات قوقل<br /><span class="smalltext">E.g. UA-00000000-0</span>';
]]></add>
		</operation>
	</file>

</modification>