<?xml version="1.0"?>
<!DOCTYPE modification SYSTEM "http://www.simplemachines.org/xml/modification">
<modification xmlns="http://www.simplemachines.org/xml/modification" xmlns:smf="http://www.simplemachines.org/">
	<id>Arantor:GoogleAnalytics</id>
	<version>1.3</version>

	<file name="$languagedir/Help.english.php">
		<operation>
			<search position="end" />
			<add><![CDATA[
$helptxt['googleAnalyticsCode'] = 'Here you add your publisher code for Google Analytics, e.g. UA-00000000-0 exactly as Google provided it, then Google Analytics should be added to your forum for you.';
]]></add>
		</operation>
	</file>
	
	<file name="$languagedir/Help.english-utf8.php" error="skip">
		<operation>
			<search position="end" />
			<add><![CDATA[
$helptxt['googleAnalyticsCode'] = 'Here you add your publisher code for Google Analytics, e.g. UA-00000000-0 exactly as Google provided it, then Google Analytics should be added to your forum for you.';
]]></add>
		</operation>
	</file>	

	<file name="$languagedir/Modifications.english.php">
		<operation>
			<search position="end" />
			<add><![CDATA[
$txt['googleAnalyticsCode'] = 'Google Analytics code<br /><span class="smalltext">E.g. UA-00000000-0</span>';
]]></add>
		</operation>
	</file>
	
	<file name="$languagedir/Modifications.english-utf8.php" error="skip">
		<operation>
			<search position="end" />
			<add><![CDATA[
$txt['googleAnalyticsCode'] = 'Google Analytics code<br /><span class="smalltext">E.g. UA-00000000-0</span>';
]]></add>
		</operation>
	</file>

</modification>