<?xml version="1.0"?>
<!DOCTYPE modification SYSTEM "http://www.simplemachines.org/xml/modification">
<modification xmlns="http://www.simplemachines.org/xml/modification" xmlns:smf="http://www.simplemachines.org/">
	<id>Arantor:GoogleAnalytics</id>
	<version>1.4</version>

	<file name="$sourcedir/ModSettings.php">
		<operation>
			<search position="before"><![CDATA[// Basic stuff, user languages, titles, flash, permissions...
]]></search>
			<add><![CDATA[			array('text', 'googleAnalyticsCode'),
]]></add>
		</operation>
	</file>
	
	<file name="$themedir/index.template.php" error="skip">
		<operation>
			<search position="after"><![CDATA[</body>]]></search>
			<add><![CDATA[	';
	global $modSettings;
	
	if(!empty($modSettings['googleAnalyticsCode']))
		echo '
		<script type="text/javascript"><!-- // -->', chr(60), '![CDATA[', '
			var _gaq = _gaq || [];
			_gaq.push([\'_setAccount\', \'' . $modSettings['googleAnalyticsCode'] . '\']);
			_gaq.push([\'_trackPageview\']);

			(function() {
				var ga = document.createElement(\'script\'); ga.type = \'text/javascript\'; ga.async = true;
				ga.src = (\'https:\' == document.location.protocol ? \'https://ssl\' : \'http://www\') + \'.google-analytics.com/ga.js\';
				var s = document.getElementsByTagName(\'script\')[0]; s.parentNode.insertBefore(ga, s);
			})();
		// ]]', chr(62), '</script>';

	echo ']]></add>
		</operation>
	</file>
	
	<file name="$themes_dir/classic/index.template.php" error="skip">
		<operation>
			<search position="after"><![CDATA[</body>]]></search>
			<add><![CDATA[	';
	global $modSettings;
	
	if(!empty($modSettings['googleAnalyticsCode']))
		echo '
		<script type="text/javascript"><!-- // -->', chr(60), '![CDATA[', '
			var _gaq = _gaq || [];
			_gaq.push([\'_setAccount\', \'' . $modSettings['googleAnalyticsCode'] . '\']);
			_gaq.push([\'_trackPageview\']);

			(function() {
				var ga = document.createElement(\'script\'); ga.type = \'text/javascript\'; ga.async = true;
				ga.src = (\'https:\' == document.location.protocol ? \'https://ssl\' : \'http://www\') + \'.google-analytics.com/ga.js\';
				var s = document.getElementsByTagName(\'script\')[0]; s.parentNode.insertBefore(ga, s);
			})();
		// ]]', chr(62), '</script>';

	echo ']]></add>
		</operation>
	</file>
	
	<file name="$themes_dir/babylon/index.template.php" error="skip">
		<operation>
			<search position="after"><![CDATA[</body>]]></search>
			<add><![CDATA[	';
	global $modSettings;
	
	if(!empty($modSettings['googleAnalyticsCode']))
		echo '
		<script type="text/javascript"><!-- // -->', chr(60), '![CDATA[', '
			var _gaq = _gaq || [];
			_gaq.push([\'_setAccount\', \'' . $modSettings['googleAnalyticsCode'] . '\']);
			_gaq.push([\'_trackPageview\']);

			(function() {
				var ga = document.createElement(\'script\'); ga.type = \'text/javascript\'; ga.async = true;
				ga.src = (\'https:\' == document.location.protocol ? \'https://ssl\' : \'http://www\') + \'.google-analytics.com/ga.js\';
				var s = document.getElementsByTagName(\'script\')[0]; s.parentNode.insertBefore(ga, s);
			})();
		// ]]', chr(62), '</script>';

	echo ']]></add>
		</operation>
	</file>

</modification>