<?xml version="1.0"?>
<!DOCTYPE modification SYSTEM "http://www.simplemachines.org/xml/modification">
<modification xmlns="http://www.simplemachines.org/xml/modification" xmlns:smf="http://www.simplemachines.org/">
	<id>Arantor:GoogleAnalytics</id>
	<version>1.4</version>

	<file name="$sourcedir/ManageSettings.php">
		<operation>
			<search position="before"><![CDATA[// Basic stuff, titles, flash, permissions...
]]></search>
			<add><![CDATA[			array('text', 'googleAnalyticsCode'),
]]></add>
		</operation>
	</file>

	<file name="$sourcedir/Subs.php">
		<operation>
			<search position="after"><![CDATA[// Generate a random seed and ensure it's stored in settings.
function smf_seed_generator()]]></search>
			<add><![CDATA[// Google Analytics Integration
function ob_google_analytics($buffer)
{
	global $modSettings;
	
	if (!empty($modSettings['googleAnalyticsCode']) && !isset($_REQUEST['xml'])) {
		$google_code = '
	<script type="text/javascript"><!-- // -->' . chr(60) . '![CDATA[' . '
		var _gaq = _gaq || [];
		_gaq.push([\'_setAccount\', \'' . $modSettings['googleAnalyticsCode'] . '\']);
		_gaq.push([\'_trackPageview\']);

		(function() {
			var ga = document.createElement(\'script\'); ga.type = \'text/javascript\'; ga.async = true;
			ga.src = (\'https:\' == document.location.protocol ? \'https://ssl\' : \'http://www\') + \'.google-analytics.com/ga.js\';
			var s = document.getElementsByTagName(\'script\')[0]; s.parentNode.insertBefore(ga, s);
		})();
	// ]]' . chr(62) . '</script>';
		
		// add in the analytics code at the very end of the head section
		$buffer = substr_replace($buffer, $google_code . "\n" . '</head>', stripos($buffer, '</head>'), 7);
	}
	
	// All done
	return $buffer;
}

]]></add>
		</operation>
	</file>

</modification>