<?xml version="1.0"?>
<!DOCTYPE modification SYSTEM "http://www.simplemachines.org/xml/modification">
<modification xmlns="http://www.simplemachines.org/xml/modification" xmlns:smf="http://www.simplemachines.org/">
	<id>Arantor:GoogleAnalytics</id>
	<version>1.3</version>

	<file name="$languagedir/Help.turkish-utf8.php" error="skip">
		<operation>
			<search position="end" />
			<add><![CDATA[
$helptxt['googleAnalyticsCode'] = 'Buraya Google Analytics için yayıncı kodunu ekleyin, e.g. UA-00000000-0 tam olarak Google, daha sonra Google Analytics foruma sizin için eklenmelidir'; ]]></add>
		</operation>
	</file>	
	
	<file name="$languagedir/Help.turkish.php" error="skip">
		<operation>
			<search position="end" />
			<add><![CDATA[
$helptxt['googleAnalyticsCode'] = 'Buraya Google Analytics için yayıncı kodunu ekleyin, e.g. UA-00000000-0 tam olarak Google, daha sonra Google Analytics foruma sizin için eklenmelidir'; ]]></add>
		</operation>
	</file>	
	
	<file name="$languagedir/Modifications.turkish-utf8.php" error="skip">
		<operation>
			<search position="end" />
			<add><![CDATA[
$txt['googleAnalyticsCode'] = 'Google Analytics Kodu<br /><span class="smalltext">E.g. UA-00000000-0</span>'; ]]></add>
		</operation>
	</file>
	
	<file name="$languagedir/Modifications.turkish.php" error="skip">
		<operation>
			<search position="end" />
			<add><![CDATA[
$txt['googleAnalyticsCode'] = 'Google Analytics Kodu<br /><span class="smalltext">E.g. UA-00000000-0</span>'; ]]></add>
		</operation>
	</file>

</modification>